G,T,K,OD1,OD2,OD3
30.0,30.0,1.0,0.3123,0.3169,0.317
30.0,30.0,3.0,0.3117,0.3137,0.3191
30.0,30.0,5.0,0.3226,0.3179,0.3227
30.0,20.0,1.0,0.3434,0.3376,0.3418
30.0,20.0,3.0,0.3326,0.3357,0.3382
30.0,20.0,5.0,0.3447,0.3394,0.3386
50.0,30.0,1.0,0.3385,0.3427,0.3322
50.0,30.0,3.0,0.3392,0.3384,0.3342
50.0,30.0,5.0,0.3412,0.3389,0.3358
50.0,20.0,1.0,0.3946,0.3925,0.3971
50.0,20.0,3.0,0.3983,0.4002,0.3938
50.0,20.0,5.0,0.3976,0.3898,0.3899
70.0,30.0,1.0,0.349,0.3478,0.3491
70.0,30.0,3.0,0.3566,0.3487,0.3423
70.0,30.0,5.0,0.3471,0.3493,0.353
70.0,20.0,1.0,0.379,0.3572,0.368
70.0,20.0,3.0,0.3715,0.3789,0.3701
70.0,20.0,5.0,0.364,0.3665,0.363
30.0,10.0,1.0,0.3018,0.3029,0.3105
30.0,10.0,3.0,0.3025,0.2933,0.2954
30.0,10.0,5.0,0.2972,0.3062,0.2995
70.0,10.0,1.0,0.333,0.3229,0.334
70.0,10.0,3.0,0.3308,0.3354,0.3297
70.0,10.0,5.0,0.3266,0.3307,0.3335
39.0,22.0,1.0,0.4095,0.4088,0.413
39.0,22.0,3.0,0.42,0.407,0.4159
39.0,22.0,5.0,0.4147,0.4123,0.4119
41.0,22.0,1.0,0.4198,0.4095,0.4195
41.0,22.0,3.0,0.4172,0.4194,0.4141
41.0,22.0,5.0,0.421,0.4268,0.4188
43.0,22.0,1.0,0.424,0.4205,0.4286
43.0,22.0,3.0,0.4227,0.4175,0.4202
43.0,22.0,5.0,0.4215,0.4191,0.4225
40.0,23.0,1.0,0.4161,0.4204,0.4212
40.0,23.0,3.0,0.4168,0.4229,0.4316
40.0,23.0,5.0,0.4146,0.4147,0.4201
42.0,23.0,1.0,0.4175,0.4171,0.4278
42.0,23.0,3.0,0.4255,0.4188,0.422
42.0,23.0,5.0,0.4333,0.4212,0.4163
44.0,23.0,1.0,0.4179,0.4161,0.4189
44.0,23.0,3.0,0.4222,0.4229,0.423
44.0,23.0,5.0,0.4238,0.4226,0.4227
39.0,24.0,1.0,0.4236,0.4186,0.4142
39.0,24.0,3.0,0.4167,0.4132,0.4133
39.0,24.0,5.0,0.4233,0.415,0.4185
41.0,24.0,1.0,0.4275,0.4146,0.4185
41.0,24.0,3.0,0.4228,0.4212,0.4208
41.0,24.0,5.0,0.4177,0.4257,0.4172
43.0,24.0,1.0,0.4192,0.4218,0.4295
43.0,24.0,3.0,0.4202,0.4294,0.4196
43.0,24.0,5.0,0.4223,0.4195,0.4153
40.0,25.0,1.0,0.4062,0.4133,0.4106
40.0,25.0,3.0,0.4152,0.4134,0.4186
40.0,25.0,5.0,0.4126,0.4074,0.4147
42.0,25.0,1.0,0.4235,0.412,0.419
42.0,25.0,3.0,0.4189,0.4238,0.4171
42.0,25.0,5.0,0.4171,0.4189,0.4168
41.0,26.0,1.0,0.405,0.4082,0.4072
41.0,26.0,3.0,0.4052,0.4059,0.4112
41.0,26.0,5.0,0.412,0.4106,0.4135
48.0,16.0,1.0,0.3839,0.3892,0.3959
48.0,16.0,3.0,0.3878,0.3925,0.3838
48.0,16.0,5.0,0.3838,0.3996,0.3974
52.0,16.0,1.0,0.3862,0.3941,0.4067
52.0,16.0,3.0,0.3981,0.3983,0.4009
52.0,16.0,5.0,0.3995,0.3914,0.3894
56.0,16.0,1.0,0.3956,0.3967,0.3866
56.0,16.0,3.0,0.403,0.3893,0.3931
56.0,16.0,5.0,0.3995,0.3891,0.4019
60.0,16.0,1.0,0.3863,0.3848,0.3889
60.0,16.0,3.0,0.3893,0.3878,0.3892
60.0,16.0,5.0,0.3887,0.3863,0.3864
64.0,16.0,1.0,0.3674,0.3695,0.3751
64.0,16.0,3.0,0.3742,0.3649,0.3719
64.0,16.0,5.0,0.3641,0.3692,0.3767
55.0,19.0,1.0,0.3793,0.379,0.3731
55.0,19.0,3.0,0.3704,0.3719,0.3785
55.0,19.0,5.0,0.3773,0.3905,0.3846
60.0,19.0,1.0,0.378,0.3763,0.3702
60.0,19.0,3.0,0.3678,0.3858,0.3807
60.0,19.0,5.0,0.3789,0.3653,0.3755
65.0,19.0,1.0,0.3776,0.3628,0.3635
65.0,19.0,3.0,0.3704,0.3782,0.3707
65.0,19.0,5.0,0.367,0.3762,0.3763
56.0,22.0,1.0,0.3734,0.3701,0.379
56.0,22.0,3.0,0.3719,0.3787,0.3644
56.0,22.0,5.0,0.3806,0.3796,0.3753
60.0,22.0,1.0,0.377,0.3692,0.37
60.0,22.0,3.0,0.3711,0.3674,0.378
60.0,22.0,5.0,0.3664,0.3726,0.3803
64.0,22.0,1.0,0.3676,0.3639,0.3709
64.0,22.0,3.0,0.3688,0.3825,0.3849
64.0,22.0,5.0,0.373,0.3675,0.3695
68.0,22.0,1.0,0.3835,0.3693,0.3704
68.0,22.0,3.0,0.3733,0.376,0.3745
68.0,22.0,5.0,0.3883,0.3656,0.3713
55.0,25.0,1.0,0.3645,0.3651,0.3635
55.0,25.0,3.0,0.3608,0.3582,0.3631
55.0,25.0,5.0,0.3705,0.3643,0.3706
60.0,25.0,1.0,0.3656,0.3633,0.3668
60.0,25.0,3.0,0.3607,0.3667,0.3611
60.0,25.0,5.0,0.3695,0.3598,0.3703
65.0,25.0,1.0,0.3737,0.3751,0.3718
65.0,25.0,3.0,0.373,0.368,0.3673
65.0,25.0,5.0,0.3695,0.3727,0.3698
56.0,28.0,1.0,0.334,0.3488,0.3512
56.0,28.0,3.0,0.3504,0.3447,0.3429
56.0,28.0,5.0,0.3555,0.3508,0.3433
60.0,28.0,1.0,0.3427,0.3523,0.3369
60.0,28.0,3.0,0.3516,0.3481,0.3434
60.0,28.0,5.0,0.3477,0.3458,0.3452
64.0,28.0,1.0,0.34,0.3601,0.3478
64.0,28.0,3.0,0.3614,0.3563,0.3551
64.0,28.0,5.0,0.3551,0.3581,0.3447
32.0,25.0,1.0,0.3679,0.3639,0.3668
32.0,25.0,3.0,0.367,0.3629,0.3626
32.0,25.0,5.0,0.3659,0.3669,0.3626
32.0,28.0,1.0,0.3451,0.352,0.3451
32.0,28.0,3.0,0.3358,0.3402,0.3396
32.0,28.0,5.0,0.3441,0.3421,0.3433
45.0,14.0,1.0,0.3793,0.3681,0.3678
45.0,14.0,3.0,0.3794,0.3748,0.3771
45.0,14.0,5.0,0.3678,0.3846,0.3741
48.0,14.0,1.0,0.3944,0.4011,0.3927
48.0,14.0,3.0,0.3977,0.3866,0.3864
48.0,14.0,5.0,0.3977,0.3875,0.3917
50.0,14.0,1.0,0.396,0.4036,0.4032
50.0,14.0,3.0,0.4004,0.3957,0.4031
50.0,14.0,5.0,0.4002,0.402,0.404
52.0,14.0,1.0,0.4046,0.4085,0.4097
52.0,14.0,3.0,0.4093,0.4032,0.4065
52.0,14.0,5.0,0.4071,0.4108,0.4045
54.0,14.0,1.0,0.4078,0.4059,0.4065
54.0,14.0,3.0,0.4037,0.3992,0.4013
54.0,14.0,5.0,0.4131,0.4053,0.4058
56.0,14.0,1.0,0.4149,0.4039,0.3996
56.0,14.0,3.0,0.4022,0.4015,0.4059
56.0,14.0,5.0,0.4081,0.4078,0.4011
58.0,14.0,1.0,0.4073,0.3952,0.4123
58.0,14.0,3.0,0.4048,0.4044,0.3962
58.0,14.0,5.0,0.4064,0.3971,0.3974
60.0,14.0,1.0,0.3878,0.4026,0.3978
60.0,14.0,3.0,0.3969,0.3887,0.3894
60.0,14.0,5.0,0.3973,0.3893,0.3867
48.0,13.0,1.0,0.3937,0.3918,0.3931
48.0,13.0,3.0,0.3934,0.3922,0.3925
48.0,13.0,5.0,0.3886,0.3847,0.3908
50.0,13.0,1.0,0.4094,0.4058,0.4057
50.0,13.0,3.0,0.4127,0.4122,0.4033
50.0,13.0,5.0,0.4066,0.4135,0.4101
52.0,13.0,1.0,0.4073,0.4167,0.4145
52.0,13.0,3.0,0.4166,0.4185,0.4143
52.0,13.0,5.0,0.4109,0.4077,0.4109
54.0,13.0,1.0,0.4062,0.4128,0.4201
54.0,13.0,3.0,0.414,0.4166,0.4191
54.0,13.0,5.0,0.4253,0.4095,0.4146
56.0,13.0,1.0,0.4141,0.4066,0.414
56.0,13.0,3.0,0.4104,0.4151,0.412
56.0,13.0,5.0,0.4064,0.4169,0.407
58.0,13.0,1.0,0.4089,0.3978,0.4086
58.0,13.0,3.0,0.4108,0.4132,0.4077
58.0,13.0,5.0,0.4096,0.4122,0.4099
45.0,12.0,1.0,0.373,0.3773,0.3745
45.0,12.0,3.0,0.3779,0.3784,0.3779
45.0,12.0,5.0,0.3815,0.368,0.3737
48.0,12.0,1.0,0.3958,0.3968,0.4029
48.0,12.0,3.0,0.3991,0.3984,0.402
48.0,12.0,5.0,0.3954,0.3998,0.3936
50.0,12.0,1.0,0.4076,0.4074,0.4131
50.0,12.0,3.0,0.4173,0.4133,0.4187
50.0,12.0,5.0,0.4069,0.4038,0.407
52.0,12.0,1.0,0.4093,0.4124,0.4143
52.0,12.0,3.0,0.4149,0.4052,0.4164
52.0,12.0,5.0,0.4224,0.4155,0.4167
54.0,12.0,1.0,0.4176,0.4195,0.4199
54.0,12.0,3.0,0.4246,0.4188,0.425
54.0,12.0,5.0,0.4244,0.4145,0.4296
56.0,12.0,1.0,0.4098,0.4136,0.4088
56.0,12.0,3.0,0.4144,0.4181,0.419
56.0,12.0,5.0,0.4182,0.4111,0.4178
58.0,12.0,1.0,0.4098,0.4086,0.409
58.0,12.0,3.0,0.4055,0.41,0.4142
58.0,12.0,5.0,0.4175,0.4139,0.4119
60.0,12.0,1.0,0.4027,0.4031,0.3998
60.0,12.0,3.0,0.4074,0.3948,0.3966
60.0,12.0,5.0,0.3953,0.4067,0.3989
45.0,11.0,1.0,0.3777,0.375,0.3736
45.0,11.0,3.0,0.3795,0.3829,0.3686
45.0,11.0,5.0,0.3728,0.3729,0.3761
48.0,11.0,1.0,0.3961,0.3979,0.3921
48.0,11.0,3.0,0.3976,0.3927,0.3966
48.0,11.0,5.0,0.3945,0.3997,0.4025
50.0,11.0,1.0,0.4052,0.4146,0.4191
50.0,11.0,3.0,0.4113,0.402,0.4133
50.0,11.0,5.0,0.4115,0.3937,0.4031
52.0,11.0,1.0,0.4193,0.4212,0.4204
52.0,11.0,3.0,0.4159,0.4139,0.4211
52.0,11.0,5.0,0.4275,0.4296,0.4176
54.0,11.0,1.0,0.4265,0.4188,0.4179
54.0,11.0,3.0,0.421,0.417,0.4232
54.0,11.0,5.0,0.4146,0.4249,0.4263
56.0,11.0,1.0,0.4212,0.4182,0.4234
56.0,11.0,3.0,0.4221,0.4155,0.42
56.0,11.0,5.0,0.4172,0.4129,0.4126
58.0,11.0,1.0,0.4015,0.4119,0.4072
58.0,11.0,3.0,0.4098,0.4083,0.4019
58.0,11.0,5.0,0.409,0.4138,0.4088
60.0,11.0,1.0,0.3967,0.4015,0.3992
60.0,11.0,3.0,0.4004,0.4089,0.3952
60.0,11.0,5.0,0.3959,0.3919,0.3942
45.0,10.0,1.0,0.3755,0.378,0.3764
45.0,10.0,3.0,0.3646,0.3747,0.3836
45.0,10.0,5.0,0.3683,0.3706,0.378
48.0,10.0,1.0,0.4003,0.3874,0.3923
48.0,10.0,3.0,0.3952,0.3993,0.4004
48.0,10.0,5.0,0.393,0.3872,0.393
50.0,10.0,1.0,0.4168,0.4042,0.413
50.0,10.0,3.0,0.4116,0.407,0.4081
50.0,10.0,5.0,0.4062,0.4138,0.4074
52.0,10.0,1.0,0.4185,0.4142,0.4077
52.0,10.0,3.0,0.4201,0.4219,0.4167
52.0,10.0,5.0,0.413,0.4219,0.4149
54.0,10.0,1.0,0.4205,0.4225,0.4252
54.0,10.0,3.0,0.4134,0.4301,0.4187
54.0,10.0,5.0,0.4236,0.4233,0.4332
56.0,10.0,1.0,0.419,0.4193,0.4185
56.0,10.0,3.0,0.4275,0.4212,0.422
56.0,10.0,5.0,0.4233,0.4221,0.4205
58.0,10.0,1.0,0.4094,0.4139,0.415
58.0,10.0,3.0,0.4117,0.4177,0.4068
58.0,10.0,5.0,0.4037,0.4199,0.4118
60.0,10.0,1.0,0.401,0.3975,0.4053
60.0,10.0,3.0,0.4023,0.4081,0.3967
60.0,10.0,5.0,0.3979,0.3957,0.401
45.0,9.0,1.0,0.3784,0.3705,0.361
45.0,9.0,3.0,0.3552,0.3687,0.3706
45.0,9.0,5.0,0.3647,0.3737,0.3618
48.0,9.0,1.0,0.401,0.3917,0.3836
48.0,9.0,3.0,0.4017,0.3883,0.3994
48.0,9.0,5.0,0.3989,0.394,0.3852
50.0,9.0,1.0,0.4147,0.4099,0.4087
50.0,9.0,3.0,0.4105,0.4059,0.4018
50.0,9.0,5.0,0.4087,0.3996,0.4038
52.0,9.0,1.0,0.4123,0.4051,0.3989
52.0,9.0,3.0,0.4174,0.4081,0.4187
52.0,9.0,5.0,0.4196,0.4148,0.41
54.0,9.0,1.0,0.4111,0.4068,0.4206
54.0,9.0,3.0,0.4126,0.4118,0.4199
54.0,9.0,5.0,0.4128,0.4099,0.4147
56.0,9.0,1.0,0.4073,0.4165,0.4069
56.0,9.0,3.0,0.4167,0.4133,0.4131
56.0,9.0,5.0,0.4065,0.4154,0.4079
58.0,9.0,1.0,0.4042,0.4132,0.4149
58.0,9.0,3.0,0.3978,0.4059,0.4141
58.0,9.0,5.0,0.4114,0.4054,0.4002
60.0,9.0,1.0,0.392,0.3901,0.3938
60.0,9.0,3.0,0.3844,0.4043,0.4002
60.0,9.0,5.0,0.3982,0.4015,0.4032
45.0,8.0,1.0,0.3621,0.3684,0.3648
45.0,8.0,3.0,0.3682,0.3643,0.3692
45.0,8.0,5.0,0.3736,0.3622,0.3737
48.0,8.0,1.0,0.3966,0.3905,0.3866
48.0,8.0,3.0,0.3898,0.391,0.3862
48.0,8.0,5.0,0.3916,0.3851,0.3914
50.0,8.0,1.0,0.3932,0.3998,0.3991
50.0,8.0,3.0,0.4101,0.4012,0.3995
50.0,8.0,5.0,0.3981,0.4008,0.3981
52.0,8.0,1.0,0.4058,0.4034,0.4177
52.0,8.0,3.0,0.4082,0.4005,0.4054
52.0,8.0,5.0,0.4164,0.4108,0.41
54.0,8.0,1.0,0.4058,0.4063,0.408
54.0,8.0,3.0,0.4105,0.4167,0.4081
54.0,8.0,5.0,0.4067,0.415,0.4144
56.0,8.0,1.0,0.4167,0.4024,0.4055
56.0,8.0,3.0,0.41,0.4104,0.4064
56.0,8.0,5.0,0.4106,0.4112,0.4102
58.0,8.0,1.0,0.4052,0.3971,0.3935
58.0,8.0,3.0,0.4069,0.4086,0.3916
58.0,8.0,5.0,0.3979,0.4061,0.3992
60.0,8.0,1.0,0.3968,0.3953,0.3899
60.0,8.0,3.0,0.3908,0.3888,0.3889
60.0,8.0,5.0,0.3912,0.3918,0.3876
48.0,7.0,1.0,0.3887,0.3806,0.3814
48.0,7.0,3.0,0.3728,0.3891,0.3812
48.0,7.0,5.0,0.3891,0.3765,0.3742
50.0,7.0,1.0,0.3849,0.3988,0.3972
50.0,7.0,3.0,0.3982,0.3963,0.3933
50.0,7.0,5.0,0.3851,0.3904,0.399
52.0,7.0,1.0,0.4081,0.3943,0.4025
52.0,7.0,3.0,0.4056,0.3976,0.4055
52.0,7.0,5.0,0.4011,0.4002,0.4038
54.0,7.0,1.0,0.4092,0.4056,0.4076
54.0,7.0,3.0,0.3968,0.4087,0.4021
54.0,7.0,5.0,0.4009,0.4003,0.4037
56.0,7.0,1.0,0.4047,0.3886,0.3904
56.0,7.0,3.0,0.4013,0.3978,0.4014
56.0,7.0,5.0,0.4007,0.4012,0.4015
58.0,7.0,1.0,0.3888,0.3891,0.3905
58.0,7.0,3.0,0.397,0.3919,0.3954
58.0,7.0,5.0,0.4011,0.3896,0.3954
45.0,6.0,1.0,0.362,0.3532,0.3595
45.0,6.0,3.0,0.3442,0.359,0.354
45.0,6.0,5.0,0.3688,0.3476,0.356
48.0,6.0,1.0,0.3701,0.3711,0.3732
48.0,6.0,3.0,0.3718,0.3803,0.3685
48.0,6.0,5.0,0.3746,0.3684,0.378
50.0,6.0,1.0,0.3858,0.3808,0.3912
50.0,6.0,3.0,0.3836,0.3858,0.3709
50.0,6.0,5.0,0.3792,0.3875,0.3844
52.0,6.0,1.0,0.3927,0.3821,0.3923
52.0,6.0,3.0,0.3872,0.3941,0.3942
52.0,6.0,5.0,0.3896,0.3832,0.3938
54.0,6.0,1.0,0.3964,0.3951,0.388
54.0,6.0,3.0,0.4011,0.387,0.3874
54.0,6.0,5.0,0.3962,0.3939,0.3857
56.0,6.0,1.0,0.3885,0.3966,0.3923
56.0,6.0,3.0,0.3929,0.3778,0.3961
56.0,6.0,5.0,0.3902,0.3914,0.3964
58.0,6.0,1.0,0.3883,0.3917,0.3864
58.0,6.0,3.0,0.3833,0.387,0.3876
58.0,6.0,5.0,0.3847,0.3902,0.3705
60.0,6.0,1.0,0.3727,0.3703,0.3887
60.0,6.0,3.0,0.3744,0.3739,0.3815
60.0,6.0,5.0,0.3806,0.3837,0.3732
